<?xml version="1.0" encoding="UTF-8" standalone="yes"?>
<addon id="repository.myrepo" name="My Test Repo" version="0.0.1" provider-name="Shashank Pingle">
	<extension point="xbmc.addon.repository" name="My Test Repo">
		<dir>
			<info compressed="false">https://raw.githubusercontent.com/totalrevolution/python-koding/master/zips/addons.xml</info>
			<checksum>https://raw.githubusercontent.com/totalrevolution/python-koding/master/zips/addons.xml.md5</checksum>
			<datadir zip="true">https://github.com/totalrevolution/python-koding/tree/master/zips/</datadir>
		</dir>
		<info compressed="false">https://raw.githubusercontent.com/my_github_username/repository.myrepo/master/zips/addons.xml</info>
		<checksum>https://raw.githubusercontent.com/my_github_username/repository.myrepo/master/zips/addons.xml.md5</checksum>
		<datadir zip="true">https://raw.githubusercontent.com/my_github_username/repository.myrepo/master/zips/</datadir>
	</extension>
	<extension point="xbmc.addon.metadata">
		<summary lang="en">Quick one liner about the repository</summary>
		<description lang="en">Full repository description.</description>
		<genre>livetv,movies,news,sports,tvshows,indian,usa</genre>
	</extension>
</addon>